{"version":1,"hash":{"type":"Buffer","data":"29wlJr3rFhXkM7JAkSkaWirUEXdZ/RMvobjtytxQadSCXEFebz81W9aRmsU5LoC+9fdv2zBjjuqGrMs+QD5PS0+5IXFHsliM5QlxnHUuumssTq2wEcUPfj4Rw82FJYhp39OC8Rwi3Ll+oodM9XS3OVcAvJYWzbTT9pHO+WKHmLE="},"indexValueMap":{"p0R/O67SmrZoHmcjhIlUg2dm12Y2mIuzeBDpwoWy7eI=":{"valueMac":{"type":"Buffer","data":"l4Fzow6TEFeieDbC7Vp+avbsGB0/+4j5q80uyqT38eI="}},"RbKR7YhnGADQkBT5v7N/AQZBiLlh/pR1v21Z5HntjsI=":{"valueMac":{"type":"Buffer","data":"kfMNSh1Q7Wf/89RN2kuq+wvOE6yqNXZG0VNKaZ+Lu2U="}},"Ih4pBhxvwoLivLz6782KV901ZcYoCVcnUbhq7z/D+AM=":{"valueMac":{"type":"Buffer","data":"FdP4w0dnGEynHqkB7W7Sg1x18Go4uBwAtNY722O7Q8Y="}},"Rc+a799FrH+UHJMLA/hAy81jd34gdXwrxr5P6zoMVD0=":{"valueMac":{"type":"Buffer","data":"QNEkvqraqvHR1SLmrCThR+YoQ54Pv7YWbzXQAP8bQdQ="}},"J8k/JE7q8bOdr0QusNvTPQSXnveFtTuTQOU/fgopR4c=":{"valueMac":{"type":"Buffer","data":"Zrtycd7nR6ChI4iDxOGUgctrUUtaCu7k0jWEPo/TH4k="}},"ptn7o3KZY3+mcYHWVe9FZNSJVMNAE1EqZhOI0KaETWM=":{"valueMac":{"type":"Buffer","data":"8bNMTopBqLw//CUPHATBY6z7PzSuMYFPJjBrB9ZF7ag="}},"/++RM1BXXHdiAt5CkRy/ieDh4VJLnutNcXszbtlWaio=":{"valueMac":{"type":"Buffer","data":"ma/6tPpyBoziQIeuofJt0q7+CJFYcK08YxCYEvDGYPg="}},"hOm9l1kgDIqa6NZ8n/O5vHYkg157yqjbl9bPCUZ1M/E=":{"valueMac":{"type":"Buffer","data":"xVHoULGazsDvq4gDY4bVbg7LTGMfumQj6xUpp0gB2NI="}},"ndJPDRnu4IcYh7t1/jDYTJJFQrlttwLMGcqsDcTP1a0=":{"valueMac":{"type":"Buffer","data":"aP5d8VA0QKCYJRcFGtzU95iFu2I+ekk1kiywlQNqB+4="}},"LVWVKUCKE3qDJBaLn+88cxL7RNCW2avtpk6X0fHJ6jY=":{"valueMac":{"type":"Buffer","data":"Onz9k95GjbKmmQPtfrYrfw4ypT9mMbGouteTk2RKy6Y="}},"7LpiigY8FmHdsSs1i8PVWf3T32b6f1rOnt0SNUicczw=":{"valueMac":{"type":"Buffer","data":"QJQDQZlhcH/PanfFVg1lVuL45u5ylilZsc4LOKfotLE="}},"CbNDXsfauLBrlhhFiSltqHYnxYxcU28R9BLsvezgWwE=":{"valueMac":{"type":"Buffer","data":"KGAfEiD1ZLtHg5WaJ7PnhEPXKPbKDcsu3KXGQdoGGxg="}},"O/Uj6Lp0zDHJ86+js/KSIq0fRwCDl1qGwQsBVgmrMtM=":{"valueMac":{"type":"Buffer","data":"V/kXysyIPkxDladZ4aXmE2KMpwUxVPOnp3spdsq9IRE="}},"b/woRuKU2+eXAXBqJ45WtXMMCazbnh0ZWb5ChiK5Tdw=":{"valueMac":{"type":"Buffer","data":"xVUZ2Ohj22tKF+ze1q4NA6cFfoDInKMzgXBq9ioNgcE="}},"QtmQA1VdycynXcthSG9ThOFaIyAk4TF6H3y25avIfOQ=":{"valueMac":{"type":"Buffer","data":"+VqMMNREQsOrkDDvnaWttydkV8LteLTNOm191cvLNNo="}},"IShlsqDwxxDMB8zabVUb7mn49ArpQqBJbpGUtyaPrGM=":{"valueMac":{"type":"Buffer","data":"NmfyfF2zqMxb+DiBpgmFZ47sluamSZm78ucktkFmaw8="}}}}