{"noiseKey":{"private":{"type":"Buffer","data":"aNKXcj7KNhk6G6xvI2hqPL4N9n+lEeG/AFXUOh3jTnY="},"public":{"type":"Buffer","data":"oxhFfPdB22REn1eHfIC615RZuvZu9uMfJ2ZgQ2izqzA="}},"pairingEphemeralKeyPair":{"private":{"type":"Buffer","data":"QMLrR0Nh+9ismUKKugi8QyG8CxLaA9SWvL3j2My3/Ws="},"public":{"type":"Buffer","data":"Eg1ybYNTNI7R1tQnVwKHMarT5dbJBEMf+8aukZdzxUs="}},"signedIdentityKey":{"private":{"type":"Buffer","data":"+ACWs1NtmrIxCs8FjQp8XV1ACJq5TVSZ4kQ0BQ2bj0Q="},"public":{"type":"Buffer","data":"VFIdsdVI7oli+CO4BDN44MlS7vBywHKlyTv+k7eDpzI="}},"signedPreKey":{"keyPair":{"private":{"type":"Buffer","data":"2PV3vbaZe3SVQBU68xcKbSs+LwC6jGDIEdgcy9eb9n8="},"public":{"type":"Buffer","data":"H96Uz5wcI9waqNnwa0xUohSC5fwyq6w/PSD8XhmSWRA="}},"signature":{"type":"Buffer","data":"yLAHBs39kG/Nd20H7h6Nzfx0ojBRBxdYs3pmt3TDHC/ptES1DZIxOOQdwwqLQTbLHyWpEGPSELYv0kFNDAbRiA=="},"keyId":1},"registrationId":212,"advSecretKey":"msiC+lK6V+qI6KfriWSFEVWPXBsZcuFjH9N2Pcap9YA=","processedHistoryMessages":[{"key":{"remoteJid":"94770612011@s.whatsapp.net","fromMe":false,"id":"ACCE9DE8C8104FACE2777DD93BC9F33D","participant":"","addressingMode":"pn"},"messageTimestamp":1769918365},{"key":{"remoteJid":"94770612011@s.whatsapp.net","fromMe":false,"id":"ACD2882D4B157C1E7407047821E37AC7","participant":"","addressingMode":"pn"},"messageTimestamp":1769918365},{"key":{"remoteJid":"94770612011@s.whatsapp.net","fromMe":false,"id":"ACA001E6512F71BD74A96BF345EC494B","participant":"","addressingMode":"pn"},"messageTimestamp":1769918365},{"key":{"remoteJid":"94770612011@s.whatsapp.net","fromMe":false,"id":"AC996BAB951E92A95FDA0C29DBAF6DF8","participant":"","addressingMode":"pn"},"messageTimestamp":1769918365}],"nextPreKeyId":813,"firstUnuploadedPreKeyId":813,"accountSyncCounter":1,"accountSettings":{"unarchiveChats":false},"registered":true,"pairingCode":"27E2ZR76","me":{"id":"94770612011:82@s.whatsapp.net","lid":"228209480200306:82@lid","name":"Infintiy AI"},"account":{"details":"CImjtnwQmJ/7ywYYASAAKAA=","accountSignatureKey":"6gwfWvxdgyN0A94WMs5HqHVnX+gGmqLjrdjNFTUUKWM=","accountSignature":"z4i44BIEKwIbkQIbekddWTQrGpiflHpAUmJPbsxoQ7v9Zkbq8L9szsDR2U3NFdogJMXRVC1UjPLmhF4035HwDg==","deviceSignature":"BBnRLWeOPHNxxJLLx677zm8wye3pbOjGZqOlniP7YnSkQ+qZSMwGHvn9BA8H8qTTgTu6xQynKu0R5KBv6oHviw=="},"signalIdentities":[{"identifier":{"name":"228209480200306:82@lid","deviceId":0},"identifierKey":{"type":"Buffer","data":"BeoMH1r8XYMjdAPeFjLOR6h1Z1/oBpqi463YzRU1FClj"}}],"platform":"android","routingInfo":{"type":"Buffer","data":"CAUIDQgS"},"lastAccountSyncTimestamp":1769918363,"lastPropHash":"PWk5B","myAppStateKeyId":"AAAAANyj"}