{"version":11,"hash":{"type":"Buffer","data":"zSIdFL70OdK8OhJaC042OQU4YvhashhIuKdwJtO7jhAOBNVQ7ma7kPksnLgLDOqN7IPOmPck6LIFwMKl0ItftTXAqoELPNT+tcp8zTZzRiJYvbqfEJY7nJvsFEZCS0rer7H60DxZkfvK22EMsggsvTH6MFspoN8DePkVL/lLUv4="},"indexValueMap":{"Fd3g+8WEb+5rrJYUfwAASgKB6A+TFkjTWKoA2mT/HTQ=":{"valueMac":{"type":"Buffer","data":"O5obfD3iRHwz23B5OGIgNbG89HBiAPgke7f9E8IwtNU="}},"th9iTA7PZdE69MTcR+vacAubMG5uYMFfcINuR7cAXlI=":{"valueMac":{"type":"Buffer","data":"26iskO3vRU//dvk2fsVmgCnq+b41WViQKMBC5Q7vSi4="}},"tozpxKjmmI81o9nWpU8w562T30uoNS56tG/1AV5je1E=":{"valueMac":{"type":"Buffer","data":"w+7BIc4/O3Zt1v0k3JKpkjNnFWL+A+vchfD5uLUdxVs="}},"7lpVg5Vgj95O+VI2neR2cvpkydk6SuOsyHOSuCW+++Q=":{"valueMac":{"type":"Buffer","data":"f9S8iCyQ63IgLUI8Xk1pG6k4ruUn/3lxBiYrlKBYRPw="}},"hruzyaedaLyOM9bV5+6M1Ey8jBdEqa1qbybTbPgK3OM=":{"valueMac":{"type":"Buffer","data":"wW4SBLgpef714CWDC++bKJe2a4TcqD/QfowWskYav5I="}},"Piafo1rDywyBHlWy8jJ+/FixbamQ/GVlCFevFqx1RRo=":{"valueMac":{"type":"Buffer","data":"DNg7SKLeY3xA7UBIftOF8U5wKt8coChAN5/5ppTOLTc="}},"dZPKosIoOKeZmsVF4/27HglrGlhC4mdPgq9a1tvrEGY=":{"valueMac":{"type":"Buffer","data":"lfAQEvLID/yh9mp5N/IiXsvYmUMa18h+rJT9DwesWJw="}},"avhciRLZqtMhpo9zXybOkC6L3qs8dhseCVQu0c/rdA8=":{"valueMac":{"type":"Buffer","data":"PtzyejBHaPmi+p9oCdJYAMkbLPwiJAAWuwwAGDPoeUQ="}},"hsBDwjSxQ0nvfZt41KnODYyiXr4QzXulufyvdnvbEVc=":{"valueMac":{"type":"Buffer","data":"UuxQ/EPRQF3ys+nGZeq3fIKlWviq1tntfhFzZGtLYE4="}},"ffZqd4tiXVmL6pLuZjgovNnEoJDnyIDnKEr0vnjho24=":{"valueMac":{"type":"Buffer","data":"v7V0tqVfsnD16r1oDHpM5PhCIKNgtc/rhxeKIBzBpRs="}},"mEWInW7V0lFSPe9E6cBVK9ZKXSYlucDZ6dyG1OksYEY=":{"valueMac":{"type":"Buffer","data":"JoAzTKDzYFq0voEEF5quAdW3GBBVNYnJirjDUlyfZx4="}},"vbC5/0KNuvpjrlLMupMaM6kKHH2B9ZLB0xaz1NqtpUs=":{"valueMac":{"type":"Buffer","data":"4cJkmEfiY9TuTkXX3EnNOBu0TDs6ub81wtvUIzF/qSU="}}}}