{"version":3,"hash":{"type":"Buffer","data":"8d80REYzqWSX6c+Inqe0l+5RgX/Cn7xbQn9P4mF4pO3XQhioEcEIKqaSEBbSmzaUf6Qn4fVceiyoBmmxbWikuHaOVOawQdBJAhyps/PekjyonRpkJxALSBGIzxmACxQKQbI+0oOxBL0bB+Ub+rKN/AzDxEooJBYppZMHay5bw9I="},"indexValueMap":{"ChUFhG8egLCoTVhQMld6g6s3poiojrJU8DC7EF8SUMU=":{"valueMac":{"type":"Buffer","data":"noV20VUJ28P8gnWzrHBD0KdGXClCp1FtqbzRl7QueKc="}},"FEzv/+OLv3HyXa5s+MjO0p2zYCQSGE/Yx5vyM7tX918=":{"valueMac":{"type":"Buffer","data":"dwR5HAVLhHgGpFwAshKCKYxZIPb5ZY45FIDv6RP8bUk="}},"F/wR1mIg/dX0HtZi42JB9JS4ggAT1/a2HdEjqMpP8c4=":{"valueMac":{"type":"Buffer","data":"h3RbpjuPmGbz+AGmLM+jjk6GFLVxwcPbgybVvCZ8tk4="}},"OINGBc6ruiecqdZmjdq4B2SSMxbeKx2wX96pkUSkNYc=":{"valueMac":{"type":"Buffer","data":"a3UXj9emCnSbUvzo3VLUKIMxOMMyCyNZVnu/BFvfwqQ="}},"O2jhCqPbj0yIjPtl1t0W3P3N6H8kSw616qMedtwURJg=":{"valueMac":{"type":"Buffer","data":"yczRZsjehwl4wJuMgQX6wBybCsmFtYTzohm6xZx3zDc="}},"QGc3e5QHsU06ElpiOK395k4LQRNt6vfwx5t5BZZTPwM=":{"valueMac":{"type":"Buffer","data":"6W0rnVlB6dQP5H0kRzq0mTraOSU3d1lRZ+l+mobgl84="}},"SrwIxYcVIvcU8gB9W1BhuLNBzuufI80wvYxqZWfsk3o=":{"valueMac":{"type":"Buffer","data":"5E3gC7+1ob72yhC5BBrBBak7jzosiQlJWSAyyr5pL+g="}},"cl/OvnAKgNXIYJt8njmP7WRmYQZoNmfZqxUqlOH6P9M=":{"valueMac":{"type":"Buffer","data":"/l/eiIA9uOpaPrDja+7+MdZKoELSMibY5nJfvxJJONQ="}},"jGdDqLF+vGlsaOflQAvpIq4CVqTONz/u08+rrbRw5es=":{"valueMac":{"type":"Buffer","data":"jCouSkkhLhjlWsQnWcSAhb0C9HDPEW5DkwxvhWd3saM="}},"nj5wvV0bwKlzE2mVBdwE6a9tQ5FbJ3JqfLmNwqVBWBk=":{"valueMac":{"type":"Buffer","data":"gYrF7j9aYvRvg934dPfRDnA97bz4WXIRYHGASDLCUAM="}},"1Pz2N3eBFUjpnFeL41QdSfbZ/f6zRPDqHdfLazXjDxQ=":{"valueMac":{"type":"Buffer","data":"YqR24w7N6znoFFrqTowZW0oso3ov3YPX2CdjMlurK9w="}},"PSdT6h0b69SaBsHazpq3//9ABkTWuvknLdC5L8GYVzQ=":{"valueMac":{"type":"Buffer","data":"TzGDI7KR+LLWoz5r2JxOBWZasjj+Hw1VEXSNO6/pM48="}},"iIih8kQZf5ebYWGpHtjGa6Nv8abdfFaUCS0lin26lbw=":{"valueMac":{"type":"Buffer","data":"aCXNKOkfs3X6THuKjUwbE+XGDuuEQURtJYXrEh8ITBw="}}}}