{"version":17,"hash":{"type":"Buffer","data":"kApBVdsM6+WExVLvM9I1zCbn79fn8vkjMCt/TGhUbr2XiqMwwu0B6JGzE3ec4+e5CixMLpmbpTDOaVHxGnOiHzmET6IR+oarPbfBWStjClOy5VVqG3KOKH1zVie3DxL47Km4LX59NzJihXMwBzEcTrgcJBwQTpk9CagKKpKLNus="},"indexValueMap":{"Z+LR5iKv6bOq+AySZYm6xWIz9q01UMfd44K5NBAAZKE=":{"valueMac":{"type":"Buffer","data":"5XHc669dQk0s0ClL65Ofc+KzG7c/eREi6UmhO9qD4ZA="}},"csayfJgk3h+7Eg0fm81SRuupggjqXIwEsZaq2XyLubY=":{"valueMac":{"type":"Buffer","data":"VD9UZbCcgDgn1emGX+pHNd0pJMFGkKVAxMsFhC5bHV8="}},"rILrbEF0G9TyRPfr2ZeXHGlJ8JeshIdOanin4J3iBd0=":{"valueMac":{"type":"Buffer","data":"KW9rlKXI0dsn3iAv0H3ucwq7AzJclmMod9rk8h1ONMk="}},"Z9VERmBzE9Gx4x0lrvSKbzUswbbVXTsOQjIBMn2+Iu0=":{"valueMac":{"type":"Buffer","data":"OcBOmMPro1hH84fsJ5OIV3A1xNO/GkGqkX4rsUzCLUs="}},"iqDmnGR03raMrrIFBgIv738Y4ZFWE9nUMaLrXn2KjHA=":{"valueMac":{"type":"Buffer","data":"17xK1atLjdB+qOrku3EWk3BB60pefH1igLjqCrdjzaU="}},"dS/Y+c50ZQe6qWA8anA2eQmM3okwbZ/55qqZLR/NKIk=":{"valueMac":{"type":"Buffer","data":"gAu+RNa/Zzjp4jKzCAG4ZxZXcS4x4SUx7/Nk6SaCVDs="}},"Eag6MTmcqNsRIfYDsrADBpi5Prigrn7a02u4HvqUxRM=":{"valueMac":{"type":"Buffer","data":"oAqpxxuUpcJmImG4PADdeovK36DzoXtEjYLcwAWNCVA="}},"PjSrXSV+TiEqj4my580OdC/pg55IlDQ2WC0g9RWvZ8A=":{"valueMac":{"type":"Buffer","data":"H1IMi45cwwNmuO9l1NivjVRMr5TXHdy0DsZvS4yaQfA="}},"9knUufEydeJKtfWbeW8VwEqRH/EHwjTjk7BpJpH5Je8=":{"valueMac":{"type":"Buffer","data":"r16W2Llwn7rSI8dcmP6/+UrP6R6FqE7mLJqRhdYXL9Y="}},"JtDQF51YJpLsPmk2jlSQtIWuIKjd0gGRRIVUStdI2IM=":{"valueMac":{"type":"Buffer","data":"7J4tR1gN+7RzpX67eLFqMGodZxtzhspr/4vjtk9jNnE="}},"soUUJnLa9ZxFohT4iyeDUtBCxqFfvMfITBGpq45wGcU=":{"valueMac":{"type":"Buffer","data":"SIjBVvLst4gis25LHAo6nz5VcqDoDpDut0O3mMmva/g="}},"Bm2N6pXGdAjN3prZ7rE83yufRFcJYyPJpM8ksPbtmeg=":{"valueMac":{"type":"Buffer","data":"ShdZcw9eKwXOUgAqtnShKwuiErE9Rb9TR130KpVwo/E="}}}}